Domain,Status,Attractiveness,Demand,Length,Sectors,Created,Expires,Registrar
tenth.biz,available,116,7%,5,Mathematics,,,
equal.biz,available,116,19%,5,"Education,General,Law",,,
tonic.biz,available,114,22%,5,"Health and Fitness,Medicine,Science",,,
hotshot.biz,expired,112,14%,7,"Business,Entertainment,Sports",07/08/2023 18:54,07/08/2025 18:54,"NameCheap, Inc."
abiding.biz,available,106,5%,7,"General,Religion",,,
active.biz,resell,104,27%,6,"Health and Fitness,Sports,Travel",10/06/2004 17:01,09/06/2026 23:59,"GoDaddy.com, LLC"
absent.biz,resell,102,8%,6,"Business,Education,Technology",02/12/2024 19:12,02/12/2025 19:12,"Spaceship, Inc."
abrupt.biz,available,100,3%,6,"Medicine,Science",,,
remove.biz,available,100,13%,6,"Construction,Manufacturing,Technology",,,
whiz.biz,resell,100,12%,4,"Business,Education,Technology",01/06/2004 17:18,31/05/2026 23:59,"GoDaddy.com, LLC"
crack.biz,resell,100,20%,5,Sports,04/09/2020 02:37,04/09/2026 02:37,Porkbun
eighth.biz,available,100,6%,6,Mathematics,,,
adjunct.biz,expired,100,5%,7,Education,02/07/2024 17:40,02/07/2025 17:40,Tucows Domains Inc.
whizz.biz,available,98,11%,5,"Business,Education,Technology",,,
forgiving.biz,available,96,3%,9,"Healthcare,Religion",,,
actual.biz,available,96,22%,6,"Real Estate,Retail,Technology",,,
academic.biz,expired,96,20%,8,"Education,Humanities,Science",22/07/2021 14:56,22/07/2025 14:56,Epik LLC
around.biz,available,94,22%,6,"Business,General,Media,Technology",,,
virtuoso.biz,available,94,16%,8,"Arts,Entertainment",,,
exemplary.biz,available,92,5%,9,"Business,Education,Healthcare",,,
adjective.biz,available,92,5%,9,Education,,,
twentieth.biz,available,92,3%,9,Mathematics,,,
derelict.biz,available,92,7%,8,"Construction,Real Estate",,,
abroad.biz,resell,92,12%,6,"Hospitality,Travel",19/01/2023 12:45,19/01/2027 12:45,"NameSilo, LLC"
nought.biz,available,92,4%,6,Mathematics,,,
next.biz,resell,92,43%,4,"Retail,Technology,Transportation",27/03/2002 01:50,26/03/2026 23:59,"007 Names, Inc."
clear.biz,resell,90,47%,5,"Manufacturing,Retail,Technology",17/01/2023 18:16,17/01/2026 18:16,Sav.com LLC
abortive.biz,available,90,1%,8,"Medicine,Science",,,
gripping.biz,available,90,3%,8,"Entertainment,Media,Technology",,,
endearing.biz,available,90,1%,9,"Entertainment,Fashion,Retail",,,
adoring.biz,available,90,2%,7,"Entertainment,Fashion,Retail",,,
additional.biz,available,90,8%,10,"Fashion,Retail,Technology",,,
activist.biz,available,88,12%,8,"Humanities,Politics",,,
twelve.biz,resell,88,18%,6,"General,Mathematics",24/02/2004 17:45,23/02/2028 23:59,"eNom, LLC"
sixteen.biz,available,88,11%,7,Mathematics,,,
wide.biz,available,88,18%,4,"Business,Media,Technology",,,
ten.biz,available,88,28%,3,"General,Mathematics",,,
adolescent.biz,available,86,3%,10,"Education,Entertainment,Healthcare",,,
xix.biz,available,86,11%,3,Mathematics,,,
aboriginal.biz,available,86,10%,10,Humanities,,,
recondite.biz,available,86,4%,9,"Arts,Humanities,Science",,,
cipher.biz,available,86,29%,6,Mathematics,,,
xiv.biz,available,86,12%,3,Mathematics,,,
attendant.biz,available,86,5%,9,"Healthcare,Hospitality,Transportation",,,
engrossing.biz,available,86,0%,10,"Entertainment,Media,Technology",,,
extempore.biz,available,86,3%,9,Entertainment,,,
adjustable.biz,available,84,3%,10,"Manufacturing,Retail,Technology",,,
fourteen.biz,available,84,8%,8,Mathematics,,,
seventeen.biz,available,84,7%,9,Mathematics,,,
accessory.biz,available,84,8%,9,"Fashion,Retail,Technology",,,
nineteen.biz,available,84,8%,8,Mathematics,,,
grand.biz,resell,84,25%,5,"Finance,General",21/10/2021 00:00,21/10/2025 00:00,Sav.com LLC
thousand.biz,available,84,8%,8,Mathematics,,,
thirteen.biz,resell,84,10%,8,Mathematics,20/05/2024 17:38,20/05/2026 17:38,Sav.com LLC
abkhaz.biz,available,82,1%,6,Geography,,,
altered.biz,available,82,9%,7,"Medicine,Science",,,
cleansing.biz,available,82,3%,9,Health and Fitness,,,
absorbent.biz,available,82,3%,9,"Healthcare,Manufacturing,Retail",,,
abroach.biz,available,82,1%,7,Food and Beverage,,,
abenaki.biz,available,82,2%,7,Geography,,,
enduring.biz,available,82,9%,8,"Health and Fitness,Religion",,,
abdominal.biz,available,82,1%,9,"Health and Fitness,Medicine",,,
decade.biz,resell,82,10%,6,Mathematics,25/01/2024 18:01,25/01/2026 18:01,Sav.com LLC
dozen.biz,available,82,10%,5,Mathematics,,,
fivesome.biz,available,82,1%,8,Sports,,,
absorbable.biz,available,80,0%,10,"Healthcare,Pharmaceuticals,Science",,,
two.biz,available,80,24%,3,Mathematics,,,
capable.biz,available,80,12%,7,"Business,Education,Technology",,,
worshipful.biz,available,80,1%,10,"Education,Healthcare,Religion",,,
seventh.biz,available,80,10%,7,Mathematics,,,
adoptable.biz,available,80,3%,9,"Education,Healthcare",,,
dorsal.biz,expiring,80,6%,6,"Medicine,Science",06/09/2023 10:27,06/09/2025 10:27,NameSecure L.L.C.
nine.biz,available,80,24%,4,"General,Mathematics",,,
able.biz,expired,80,29%,4,"Business,Education,General,Technology",18/07/2019 00:03,18/07/2025 00:03,Dynadot Inc
sixtynine.biz,available,78,8%,10,Mathematics,,,
abounding.biz,available,78,2%,9,Agriculture,,,
dormant.biz,available,78,4%,7,"Medicine,Science",,,
absorptive.biz,available,78,1%,10,"Healthcare,Manufacturing,Retail",,,
adorable.biz,available,78,8%,8,"Entertainment,Fashion,Retail",,,
abkhasian.biz,available,78,1%,9,Geography,,,
acceptable.biz,available,78,5%,10,"Business,Hospitality,Retail",,,
twentysix.biz,available,78,8%,10,Mathematics,,,
acceptant.biz,available,78,1%,9,"Education,Healthcare",,,
recognised.biz,available,78,3%,10,"Business,Education,Technology",,,
abkhazian.biz,available,78,1%,9,Geography,,,
accepted.biz,available,78,6%,8,"Business,Education,Technology",,,
adrenal.biz,available,78,4%,7,"Education,Healthcare,Science",,,
recognized.biz,available,78,3%,10,"Business,Education,Technology",,,
honestly.biz,expired,78,9%,8,"Business,Law",17/07/2013 05:58,16/07/2025 23:59,Key-Systems GmbH
fourteenth.biz,available,76,1%,10,Mathematics,,,
resultant.biz,expiring,76,2%,9,"Healthcare,Insurance,Transportation",22/08/2024 14:39,22/08/2025 14:39,Tucows Domains Inc.
improvise.biz,available,76,4%,9,Entertainment,,,
ague.biz,available,76,2%,4,"Geography,Medicine,Science",,,
threed.biz,resell,76,7%,7,Technology,02/12/2024 19:46,02/12/2025 19:46,"Spaceship, Inc."
obscene.biz,available,76,5%,7,"Entertainment,Media",,,
hundredth.biz,available,76,1%,9,Mathematics,,,
firstrate.biz,available,76,6%,10,Business,,,
fifteenth.biz,available,76,2%,9,Mathematics,,,
thousandth.biz,available,76,1%,10,Mathematics,,,
eighteen.biz,available,76,7%,8,Mathematics,,,
adipose.biz,available,76,2%,7,"Healthcare,Science",,,
nineteenth.biz,available,76,3%,10,Mathematics,,,
adhesive.biz,resell,76,7%,8,"Construction,Manufacturing,Technology",27/03/2002 12:47,26/03/2026 23:59,Porkbun
incidental.biz,available,76,4%,10,"Healthcare,Insurance,Transportation",,,
abrasive.biz,available,76,6%,8,"Construction,Manufacturing",,,
addable.biz,available,76,2%,7,"Engineering,Mathematics,Science",,,
thirteenth.biz,available,76,4%,10,Mathematics,,,
ancillary.biz,available,76,6%,9,"Healthcare,Manufacturing,Technology",,,
energizing.biz,available,76,3%,10,"Food and Beverage,Health and Fitness,Travel",,,
achievable.biz,available,74,4%,10,"Business,Education,Technology",,,
accepting.biz,available,74,3%,9,"Education,Healthcare",,,
adrenergic.biz,available,74,1%,10,"Education,Healthcare,Science",,,
activated.biz,available,74,9%,9,"Healthcare,Manufacturing,Technology",,,
sensation.biz,available,74,7%,9,"Entertainment,Media,Sports",,,
adapted.biz,available,74,6%,7,"Healthcare,Manufacturing,Technology",,,
aberrant.biz,available,74,6%,8,"Medicine,Science",,,
adenoid.biz,available,74,1%,7,"Health and Fitness,Medicine,Science",,,
single.biz,available,74,19%,6,Sports,,,
realizable.biz,available,74,1%,10,"Business,Education,Technology",,,
mavin.biz,available,74,7%,5,"Entertainment,Fashion,Technology",,,
playing.biz,available,74,12%,7,Entertainment,,,
adamant.biz,available,74,14%,7,Religion,,,
skilful.biz,available,74,3%,7,"Education,Health and Fitness,Sports",,,
addicted.biz,available,72,9%,8,Healthcare,,,
adjectival.biz,available,72,1%,10,Education,,,
engrossed.biz,available,72,1%,9,"Entertainment,Media,Technology",,,
sixtieth.biz,available,72,1%,8,Mathematics,,,
trey.biz,available,72,14%,4,Sports,,,
improvize.biz,available,72,1%,9,Entertainment,,,
ninetieth.biz,available,72,1%,9,Mathematics,,,
abloom.biz,resell,72,5%,6,Agriculture,03/12/2024 17:31,03/12/2025 17:31,"Spaceship, Inc."
existent.biz,available,72,3%,8,"Mathematics,Science",,,
absorbed.biz,available,72,2%,8,"Entertainment,Media,Technology",,,
accustomed.biz,available,72,1%,10,"Business,Education,Humanities",,,
adonic.biz,available,72,2%,6,"Arts,Education,Entertainment",,,
adaptative.biz,available,72,1%,10,"Business,Education,Technology",,,
ternary.biz,available,72,7%,7,Mathematics,,,
accusative.biz,available,72,0%,10,"Humanities,Law",,,
lovely.biz,available,72,26%,6,"Entertainment,Fashion,Retail",,,
seventieth.biz,available,72,1%,10,Mathematics,,,
absolutist.biz,available,72,1%,10,"Humanities,Law,Politics",,,
adjunctive.biz,available,72,1%,10,"Healthcare,Manufacturing,Technology",,,
eightieth.biz,available,72,1%,9,Mathematics,,,
champion.biz,expiring,72,28%,8,"Entertainment,Health and Fitness,Sports",28/08/2016 17:02,27/08/2025 23:59,"GoDaddy.com, LLC"
adamantine.biz,available,70,4%,10,Religion,,,
miserable.biz,available,70,4%,9,Humanities,,,
accumbent.biz,available,70,1%,9,"Healthcare,Medicine,Science",,,
stillborn.biz,available,70,2%,9,"Medicine,Science",,,
practiced.biz,available,70,3%,9,"Education,Health and Fitness,Sports",,,
abulic.biz,available,70,1%,6,Medicine,,,
acuminate.biz,available,70,1%,9,"Engineering,Medicine,Science",,,
skillful.biz,available,70,9%,8,"Education,Health and Fitness,Sports",,,
tiptop.biz,resell,70,24%,6,Fashion,06/07/2015 01:40,05/07/2026 23:59,"Spaceship, Inc."
recumbent.biz,available,70,2%,9,"Healthcare,Medicine,Science",,,
unity.biz,available,70,40%,5,Mathematics,,,
absorbing.biz,available,70,3%,9,"Entertainment,Media,Technology",,,
consequent.biz,available,70,3%,10,"Business,Education,General,Technology",,,
abradant.biz,available,70,1%,8,"Construction,Manufacturing",,,
gymnastic.biz,available,70,3%,9,"Entertainment,Sports",,,
offhand.biz,available,70,2%,7,Entertainment,,,
lowdown.biz,available,70,6%,8,"Entertainment,Media",,,
fortieth.biz,available,68,0%,8,Mathematics,,,
licenced.biz,available,68,2%,8,"Business,Healthcare,Insurance",,,
achaean.biz,available,68,2%,7,Humanities,,,
scurvy.biz,available,68,3%,6,Humanities,,,
disciple.biz,available,68,14%,8,"Education,Religion",,,
sevener.biz,available,68,1%,7,Mathematics,,,
abkhas.biz,available,68,0%,6,Geography,,,
fiftieth.biz,available,68,0%,8,Mathematics,,,
octonary.biz,available,68,1%,8,Mathematics,,,
septenary.biz,available,68,1%,9,Mathematics,,,
aculeate.biz,available,68,1%,8,"Engineering,Medicine,Science",,,
foursome.biz,expiring,68,4%,8,Sports,06/09/2018 01:01,06/09/2025 01:01,"GoDaddy.com, LLC"
stygian.biz,available,68,5%,7,Humanities,,,
thirtieth.biz,available,68,1%,9,Mathematics,,,
threesome.biz,available,68,5%,9,Entertainment,,,
activating.biz,available,68,3%,10,"Healthcare,Manufacturing,Technology",,,
ennead.biz,available,68,5%,6,Mathematics,,,
overseas.biz,available,68,12%,8,"Hospitality,Travel",,,
aroused.biz,available,68,3%,7,"Entertainment,Health and Fitness",,,
vindicated.biz,available,68,2%,10,"Humanities,Law,Politics",,,
aberdonian.biz,available,68,1%,10,Geography,,,
ablative.biz,available,68,3%,8,Science,,,
abnaki.biz,available,68,1%,6,Geography,,,
decorated.biz,available,68,3%,9,"Entertainment,Fashion,Retail",,,
abducent.biz,available,68,0%,8,Medicine,,,
licensed.biz,available,68,5%,8,"Business,Healthcare,Insurance",,,
acerate.biz,available,68,1%,7,Science,,,
achaian.biz,available,68,2%,7,Humanities,,,
eighty.biz,resell,66,6%,6,Mathematics,02/12/2024 19:32,02/12/2025 19:32,"Spaceship, Inc."
xxii.biz,available,66,6%,4,Mathematics,,,
six.biz,available,66,26%,3,Mathematics,,,
xxvi.biz,available,66,3%,4,Mathematics,,,
tenner.biz,available,66,5%,6,Finance,,,
xvi.biz,available,66,5%,3,Mathematics,,,
sextet.biz,available,66,1%,6,Entertainment,,,
fifty.biz,available,66,12%,5,Mathematics,,,
thirty.biz,resell,66,8%,6,Mathematics,02/12/2024 18:13,02/12/2025 18:13,"Spaceship, Inc."
teenager.biz,expired,66,4%,8,"Education,Entertainment,Healthcare",16/07/2017 17:01,15/07/2025 23:59,UdomainName.com LLC
accessary.biz,available,66,1%,9,"Business,Law,Technology",,,
adopted.biz,available,66,4%,7,"Education,Healthcare",,,
onec.biz,available,66,6%,5,Mathematics,,,
deuce.biz,available,66,9%,5,Sports,,,
ninety.biz,resell,66,11%,6,Mathematics,23/02/2025 20:51,23/02/2026 20:51,Dynadot Inc
abstinent.biz,available,66,1%,9,"Health and Fitness,Religion",,,
acervate.biz,available,66,1%,8,Science,,,
xxv.biz,available,66,6%,3,Mathematics,,,
latest.biz,available,66,18%,6,Technology,,,
exonerated.biz,available,66,2%,10,"Humanities,Law,Politics",,,
xxi.biz,available,66,10%,3,Mathematics,,,
acrobatic.biz,available,66,4%,9,"Entertainment,Sports",,,
xvii.biz,available,66,5%,4,Mathematics,,,
according.biz,available,66,3%,9,"Business,Education,Technology",,,
xiii.biz,available,66,9%,4,Mathematics,,,
xii.biz,available,66,10%,3,Mathematics,,,
clv.biz,available,66,10%,3,Mathematics,,,
aflame.biz,available,64,3%,6,Entertainment,,,
scatty.biz,available,64,1%,6,"Arts,Entertainment,Media",,,
astringent.biz,available,64,1%,10,"Healthcare,Pharmaceuticals",,,
adagio.biz,resell,64,14%,6,Entertainment,09/01/2025 20:32,09/01/2026 20:32,"Spaceship, Inc."
rising.biz,available,64,18%,6,"Construction,Manufacturing,Real Estate",,,
accordant.biz,available,64,3%,9,"Arts,Entertainment",,,
nondrinker.biz,available,64,1%,10,"Health and Fitness,Religion",,,
deviant.biz,available,64,12%,7,"Medicine,Science",,,
absolved.biz,available,64,1%,8,"Humanities,Law,Religion",,,
playacting.biz,available,62,1%,10,Entertainment,,,
adoptive.biz,available,62,1%,8,"Education,Healthcare",,,
cumulative.biz,available,62,2%,10,"Banking,Finance,Insurance",,,
admissible.biz,available,62,1%,10,"Education,Healthcare,Law",,,
wrapped.biz,available,62,13%,7,"Fashion,Hospitality,Retail",,,
acidic.biz,available,62,5%,6,"Food and Beverage,Science",,,
exculpated.biz,available,62,1%,10,"Humanities,Law,Politics",,,
twodozen.biz,available,62,1%,9,Mathematics,,,
aborigine.biz,available,62,1%,9,Humanities,,,
sixteenth.biz,available,62,1%,9,Mathematics,,,
accusing.biz,available,62,1%,8,Law,,,
accrued.biz,available,62,2%,7,"Banking,Finance,Insurance",,,
quartet.biz,available,62,7%,7,"Arts,Entertainment",,,
abo.biz,resell,62,15%,3,Science,27/03/2002 13:47,26/03/2026 23:59,Dynadot Inc
eleventh.biz,available,62,5%,8,Mathematics,,,
activistic.biz,available,62,1%,10,"Humanities,Politics",,,
pungent.biz,available,62,1%,7,Food and Beverage,,,
longdozen.biz,available,62,2%,10,Mathematics,,,
ensuant.biz,available,62,1%,7,"Healthcare,Insurance,Transportation",,,
eighteenth.biz,available,62,1%,10,Mathematics,,,
roughly.biz,available,62,3%,7,"Business,Media,Technology",,,
chiliad.biz,available,62,2%,7,Mathematics,,,
clxv.biz,available,60,1%,4,Mathematics,,,
adnexal.biz,available,60,1%,7,"Agriculture,Manufacturing,Retail",,,
clxxx.biz,available,60,1%,5,Mathematics,,,
cxlv.biz,available,60,2%,4,Mathematics,,,
sixty.biz,available,60,13%,5,Mathematics,,,
cxxx.biz,available,60,4%,4,Mathematics,,,
clxxv.biz,available,60,1%,5,Mathematics,,,
paunchy.biz,available,60,0%,7,"Health and Fitness,Medicine",,,
cautionary.biz,available,60,1%,10,"Business,Education,Healthcare",,,
acceptive.biz,available,60,1%,9,"Education,Healthcare",,,
tertiary.biz,available,60,4%,8,Education,,,
cxl.biz,available,60,7%,3,Mathematics,,,
clxx.biz,available,60,3%,4,Mathematics,,,
eightysix.biz,available,60,7%,10,Mathematics,,,
cxv.biz,available,60,4%,3,Mathematics,,,
xcl.biz,available,60,5%,3,Mathematics,,,
idolised.biz,available,60,1%,8,"Entertainment,Fashion,Retail",,,
abstainer.biz,available,60,0%,9,"Health and Fitness,Religion",,,
abashed.biz,available,60,1%,7,Humanities,,,
cxxv.biz,available,60,1%,4,Mathematics,,,
thou.biz,available,60,7%,4,Mathematics,,,
aboveboard.biz,available,60,5%,10,"Business,Law",,,
adnate.biz,available,60,1%,6,"Agriculture,Manufacturing,Retail",,,
annexal.biz,available,60,1%,7,"Agriculture,Manufacturing,Retail",,,
idolized.biz,available,60,3%,8,"Entertainment,Fashion,Retail",,,
clx.biz,available,60,10%,3,Mathematics,,,
cxxxv.biz,available,60,2%,5,Mathematics,,,
abstemious.biz,available,60,0%,10,"Food and Beverage,Health and Fitness,Hospitality",,,
tercet.biz,available,59,2%,6,"Arts,Entertainment,Media",,,
eighter.biz,available,58,2%,7,Mathematics,,,
sixtyone.biz,available,58,3%,9,Mathematics,,,
heptad.biz,available,58,1%,6,Mathematics,,,
abridged.biz,available,58,4%,8,Media,,,
octad.biz,available,58,5%,5,Mathematics,,,
abuzz.biz,available,58,5%,5,"Entertainment,Media,Technology",,,
accoutred.biz,available,58,1%,9,"Fashion,Manufacturing,Retail",,,
acyclic.biz,available,58,4%,7,"Engineering,Mathematics,Science",,,
addressed.biz,available,58,3%,9,"Business,Technology,Telecommunications",,,
adjustive.biz,available,58,1%,9,"Manufacturing,Retail,Technology",,,
hexad.biz,available,58,4%,5,Mathematics,,,
acetic.biz,available,58,1%,6,"Food and Beverage,Science",,,
lxxx.biz,available,58,2%,4,Mathematics,,,
twelfth.biz,available,58,2%,7,Mathematics,,,
lxxviii.biz,available,58,1%,7,Mathematics,,,
niner.biz,available,58,5%,5,Mathematics,,,
quintet.biz,available,58,8%,7,"Arts,Entertainment",,,
offhanded.biz,available,58,1%,9,Entertainment,,,
fourth.biz,resell,58,13%,6,Mathematics,23/02/2025 20:51,23/02/2026 20:51,Dynadot Inc
sextuplet.biz,available,58,1%,9,Healthcare,,,
seventy.biz,available,58,7%,7,Mathematics,,,
aucourant.biz,available,58,3%,10,"Fashion,Media",,,
actuarial.biz,available,58,8%,9,"Finance,Insurance,Mathematics",,,
tetrad.biz,available,58,5%,6,Mathematics,,,
centesimal.biz,available,58,1%,10,Mathematics,,,
accretive.biz,expired,58,6%,9,"Banking,Finance,Insurance",04/08/2023 14:50,04/08/2025 14:50,PDR Ltd. d/b/a PublicDomainRegistry.com
sixer.biz,available,58,5%,5,Sports,,,
fifth.biz,available,58,12%,5,Mathematics,,,
closeto.biz,available,58,3%,8,"Business,Media,Technology",,,
addible.biz,available,58,2%,7,"Engineering,Mathematics,Science",,,
pentad.biz,available,58,2%,6,Mathematics,,,
abandoned.biz,available,58,10%,9,"Construction,Real Estate",,,
enwrapped.biz,available,58,0%,9,"Entertainment,Fashion,Media",,,
accented.biz,available,58,3%,8,"Arts,Entertainment",,,
adient.biz,available,58,4%,6,"Medicine,Science",,,
ache.biz,available,58,7%,4,Healthcare,,,
xliii.biz,available,56,1%,5,Mathematics,,,
lvi.biz,resell,56,8%,3,Mathematics,30/03/2009 17:08,29/03/2026 23:59,Dynadot Inc
potbellied.biz,available,56,0%,10,"Health and Fitness,Medicine",,,
xxvii.biz,available,56,3%,5,Mathematics,,,
lvii.biz,available,56,1%,4,Mathematics,,,
thirtyone.biz,available,56,5%,10,Mathematics,,,
fiftysix.biz,available,56,4%,9,Mathematics,,,
terzetto.biz,available,56,3%,8,Arts,,,
liii.biz,available,56,4%,4,Mathematics,,,
xxxi.biz,available,56,9%,4,Mathematics,,,
thirtytwo.biz,available,56,5%,10,Mathematics,,,
xli.biz,available,56,5%,3,Mathematics,,,
halfdozen.biz,available,56,1%,10,Mathematics,,,
appressed.biz,available,56,0%,9,"Agriculture,Manufacturing,Retail",,,
xxxviii.biz,available,56,1%,7,Mathematics,,,
xlii.biz,available,56,5%,4,Mathematics,,,
fiftyone.biz,available,56,7%,9,Mathematics,,,
fiftynine.biz,available,56,4%,10,Mathematics,,,
xxxvii.biz,expired,56,2%,6,Mathematics,28/06/2024 06:10,28/06/2025 06:10,"NameCheap, Inc."
lii.biz,available,56,7%,3,Mathematics,,,
fiftytwo.biz,available,56,6%,9,Mathematics,,,
xlvi.biz,available,56,3%,4,Mathematics,,,
admittable.biz,available,56,1%,10,"Education,Healthcare,Hospitality",,,
xliv.biz,available,56,2%,4,Mathematics,,,
fortytwo.biz,available,56,17%,9,Mathematics,,,
admissive.biz,available,56,1%,9,"Education,Healthcare,Hospitality",,,
xxxii.biz,available,56,1%,5,Mathematics,,,
xlvii.biz,available,56,2%,5,Mathematics,,,
xxxiii.biz,available,56,2%,6,Mathematics,,,
xxxiv.biz,available,56,1%,5,Mathematics,,,
accoutered.biz,available,56,0%,10,"Fashion,Manufacturing,Retail",,,
thirtysix.biz,available,56,5%,10,Mathematics,,,
lviii.biz,available,56,1%,5,Mathematics,,,
fortynine.biz,available,56,3%,10,Mathematics,,,
maledict.biz,available,56,1%,8,Religion,,,
xlviii.biz,available,56,1%,6,Mathematics,,,
abeyant.biz,available,56,1%,7,"Business,Law",,,
addled.biz,available,56,2%,6,Entertainment,,,
abdominous.biz,available,56,0%,10,"Health and Fitness,Medicine",,,
admittible.biz,available,56,1%,10,"Education,Healthcare,Hospitality",,,
xxxvi.biz,available,56,1%,5,Mathematics,,,
xxiii.biz,available,56,5%,5,Mathematics,,,
fiftyfour.biz,available,56,3%,10,Mathematics,,,
xxix.biz,available,56,4%,4,Mathematics,,,
fortysix.biz,available,56,3%,9,Mathematics,,,
xxxv.biz,available,56,4%,4,Mathematics,,,
xxviii.biz,available,56,1%,6,Mathematics,,,
achromatic.biz,available,54,4%,10,Science,,,
adductive.biz,available,54,0%,9,"Engineering,Mathematics,Science",,,
abaxial.biz,available,54,1%,7,Science,,,
adpressed.biz,available,54,0%,9,"Agriculture,Manufacturing,Retail",,,
ternion.biz,available,54,3%,7,Mathematics,,,
accentual.biz,available,54,3%,9,"Arts,Entertainment",,,
viii.biz,expiring,54,6%,4,Mathematics,12/09/2004 01:01,11/09/2025 23:59,"GoDaddy.com, LLC"
admonitory.biz,available,54,0%,10,"Business,Education,Healthcare",,,
quintuplet.biz,available,54,1%,10,"Healthcare,Medicine,Science",,,
abducens.biz,available,54,1%,8,Medicine,,,
adaxial.biz,available,54,2%,7,Science,,,
aboral.biz,available,54,2%,6,Science,,,
unnatural.biz,available,54,4%,9,"Medicine,Science",,,
achy.biz,available,54,3%,4,Healthcare,,,
adducting.biz,available,54,1%,9,"Engineering,Mathematics,Science",,,
acoustical.biz,available,54,4%,10,Science,,,
adducent.biz,available,54,1%,8,"Engineering,Mathematics,Science",,,
abatable.biz,available,54,1%,8,Law,,,
sise.biz,available,54,5%,4,Mathematics,,,
quadruplet.biz,available,54,1%,10,"Healthcare,Medicine,Science",,,
threescore.biz,available,54,1%,10,Mathematics,,,
deuceace.biz,available,54,2%,9,Sports,,,
quatern.biz,available,54,2%,7,Mathematics,,,
abient.biz,available,54,1%,6,Science,,,
abasic.biz,available,54,1%,6,Science,,,
quaternion.biz,resell,54,6%,10,Mathematics,02/12/2024 18:19,02/12/2025 18:19,"Spaceship, Inc."
accursed.biz,available,54,3%,8,"Entertainment,Media,Religion",,,
deserted.biz,available,54,3%,8,"Hospitality,Real Estate",,,
actuated.biz,available,54,2%,8,"Automotive,Manufacturing,Technology",,,
abhorrent.biz,available,54,1%,9,Humanities,,,
scratchy.biz,available,54,3%,8,Fashion,,,
adjuratory.biz,available,54,0%,10,"Law,Politics,Religion",,,
sestet.biz,available,53,1%,6,Arts,,,
septet.biz,available,53,1%,6,General,,,
xcvi.biz,available,52,2%,4,Mathematics,,,
lxv.biz,available,52,5%,3,Mathematics,,,
ablated.biz,available,52,1%,7,Science,,,
ninetyone.biz,available,52,5%,10,Mathematics,,,
ixl.biz,available,52,9%,3,Mathematics,,,
lxvii.biz,available,52,1%,5,Mathematics,,,
sixtyfour.biz,available,52,3%,10,Mathematics,,,
lxiv.biz,available,52,3%,4,Mathematics,,,
uphill.biz,available,52,7%,6,"Sports,Transportation,Travel",,,
abstruse.biz,available,52,5%,8,"Humanities,Mathematics,Science",,,
abusive.biz,available,52,3%,7,"Healthcare,Law",,,
decumbent.biz,available,52,1%,9,"Healthcare,Medicine,Science",,,
abominable.biz,available,52,2%,10,"Entertainment,Humanities",,,
xcviii.biz,available,52,1%,6,Mathematics,,,
lxi.biz,available,52,5%,3,Mathematics,,,
lxii.biz,available,52,1%,4,Mathematics,,,
lxxxvi.biz,available,52,1%,6,Mathematics,,,
eightyone.biz,available,52,3%,10,Mathematics,,,
xciv.biz,available,52,2%,4,Mathematics,,,
lxxiii.biz,available,52,1%,6,Mathematics,,,
lxxv.biz,available,52,1%,4,Mathematics,,,
xcv.biz,expired,52,7%,3,Mathematics,07/07/2011 17:05,06/07/2025 23:59,InternetX GmbH
littlejoe.biz,available,52,2%,10,"Entertainment,Media",,,
ninetytwo.biz,available,52,4%,10,Mathematics,,,
lxxxi.biz,available,52,1%,5,Mathematics,,,
xcvii.biz,available,52,1%,5,Mathematics,,,
ixc.biz,available,52,5%,3,Mathematics,,,
lxxi.biz,available,52,1%,4,Mathematics,,,
lxxxiv.biz,available,52,1%,6,Mathematics,,,
lxxxiii.biz,available,52,1%,7,Mathematics,,,
xcii.biz,available,52,2%,4,Mathematics,,,
repugnant.biz,available,52,1%,9,Humanities,,,
lxiii.biz,available,52,2%,5,Mathematics,,,
detestable.biz,available,52,1%,10,Humanities,,,
aboulic.biz,available,52,1%,7,Medicine,,,
lxxxvii.biz,available,52,1%,7,Mathematics,,,
repulsive.biz,available,52,1%,9,Humanities,,,
abysmal.biz,available,52,4%,7,"Arts,Entertainment,Media",,,
adenoidal.biz,available,52,1%,9,"Health and Fitness,Medicine,Science",,,
lxxvii.biz,available,52,2%,6,Mathematics,,,
sixtysix.biz,available,52,4%,9,Mathematics,,,
lxxvi.biz,available,52,1%,5,Mathematics,,,
chagrined.biz,available,52,1%,9,Humanities,,,
xciii.biz,available,52,1%,5,Mathematics,,,
lxxii.biz,available,52,1%,5,Mathematics,,,
ninetysix.biz,available,52,4%,10,Mathematics,,,
lxxiv.biz,available,52,1%,5,Mathematics,,,
odious.biz,available,52,2%,6,"Entertainment,Humanities",,,
sixtytwo.biz,available,52,3%,9,Mathematics,,,
eightytwo.biz,available,52,4%,10,Mathematics,,,
lxxxii.biz,available,52,1%,6,Mathematics,,,
sixtyfive.biz,available,52,3%,10,Mathematics,,,
lxvi.biz,available,52,3%,4,Mathematics,,,
abdicable.biz,available,50,0%,9,Law,,,
acapnic.biz,available,50,0%,7,"Healthcare,Medicine,Science",,,
lxx.biz,available,50,5%,3,Mathematics,,,
broached.biz,available,50,0%,8,Food and Beverage,,,
abducting.biz,available,50,0%,9,Medicine,,,
acaudal.biz,available,50,1%,7,"Agriculture,Science",,,
acquitted.biz,available,50,1%,9,Law,,,
vinegary.biz,available,50,1%,8,Food and Beverage,,,
aborticide.biz,available,50,0%,10,Medicine,,,
aculeated.biz,available,50,0%,9,"Engineering,Medicine,Science",,,
acerose.biz,available,50,1%,7,Science,,,
acerbic.biz,available,50,2%,7,"Arts,Humanities,Media",,,
abomasal.biz,available,50,0%,8,Agriculture,,,
needlelike.biz,available,50,0%,10,"Engineering,Medicine,Science",,,
gillless.biz,available,50,0%,9,Science,,,
scummy.biz,available,50,1%,6,Humanities,,,
abbatial.biz,available,50,0%,8,Religion,,,
ogdoad.biz,available,50,1%,6,Mathematics,,,
abactinal.biz,available,50,0%,9,Science,,,
acellular.biz,available,50,1%,9,Science,,,
acetous.biz,available,50,1%,7,Science,,,
acetose.biz,available,50,1%,7,Science,,,
abranchial.biz,available,50,0%,10,Science,,,
adactylous.biz,available,50,0%,10,Science,,,
acapnotic.biz,available,50,0%,9,"Healthcare,Medicine,Science",,,
spinous.biz,available,50,1%,7,"Agriculture,Science",,,
notguilty.biz,available,48,5%,10,Law,,,
abyssal.biz,available,48,12%,7,"Arts,Entertainment,Media",,,
ilxxx.biz,available,48,1%,5,Mathematics,,,
lxxxviii.biz,available,48,1%,8,Mathematics,,,
execrable.biz,available,48,0%,9,"Entertainment,Humanities",,,
abstracted.biz,available,48,5%,10,"Arts,Humanities,Science",,,
ilxx.biz,available,48,1%,4,Mathematics,,,
achromic.biz,available,46,2%,8,Science,,,
stripling.biz,available,46,2%,9,"Education,Entertainment,Healthcare",,,
stemless.biz,available,46,2%,8,"Agriculture,Science",,,
theabsurd.biz,available,46,1%,10,"Arts,Entertainment,Media",,,
acetylic.biz,available,46,1%,8,Science,,,
acarpelous.biz,available,46,0%,10,"Agriculture,Science",,,
acanthotic.biz,available,46,0%,10,"Agriculture,Science",,,
acaudate.biz,available,46,1%,8,"Agriculture,Science",,,
acephalous.biz,available,46,1%,10,Science,,,
acapnial.biz,available,46,0%,8,"Healthcare,Medicine,Science",,,
acanthous.biz,available,46,0%,9,"Agriculture,Science",,,
acetabular.biz,available,46,1%,10,Science,,,
cotyloid.biz,available,46,1%,8,Science,,,
vinegarish.biz,available,46,1%,10,Food and Beverage,,,
acanthoid.biz,available,46,1%,9,"Agriculture,Science",,,
acetylenic.biz,available,46,1%,10,Science,,,
achromous.biz,available,46,1%,9,Science,,,
achenial.biz,available,46,1%,8,Science,,,
acheronian.biz,available,46,1%,10,Humanities,,,
acarpous.biz,available,46,0%,8,"Agriculture,Science",,,
acetonic.biz,available,46,1%,8,Science,,,
accusatory.biz,available,44,1%,10,Law,,,
cotyloidal.biz,available,44,1%,10,Science,,,
acherontic.biz,available,44,1%,10,Humanities,,,
abscessed.biz,available,41,0%,9,Healthcare,,,
phoebe.biz,resell,41,14%,6,Science,31/03/2004 02:43,30/03/2034 23:59,"Net-Chinese Co., Ltd."
accurst.biz,available,40,1%,7,Religion,,,
accusive.biz,available,40,1%,8,Law,,,
scurrilous.biz,available,40,1%,10,"Entertainment,Media,Politics",,,